tweet_id,label,tweet
1,1,"Oh, because obviously, Republicans are the epitome of fiscal responsibility. I mean, who needs a functioning government when you can have tax cuts for the ultra-rich instead? So logical!"
2,1,"Oh, sure, automation has totally solved all our problems. I mean, who needs jobs when we can have machines ruling the world, right? Genius move, humanity!"
3,1,"Would he win? Oh, I don't know, maybe in an alternate universe where logic and reason don't exist."
4,1,"Yeah, reading that article was such a joy. It's like a rollercoaster of happiness, or maybe it's just the tears streaming down my face. So uplifting!"
5,1,"Insane like a fox. Ted Cruz is basically a genius. I mean, his constituents might be a bit delusional, but he's just playing 4D chess with them. Mastermind!"
6,1,"Who would downvote this? Clearly, only heartless individuals who thrive on the suffering of children. Because disliking a post is worse than, you know, letting a kid die."
7,1,"If Jesus destroyed Satan for our freedom, why is there still evil, Tom? Huh? Huh? Maybe Tom has the answers to the universe hidden in his pocket."
8,1,Because the Reddit Liberal Brigadeâ„¢ would never tolerate a dissenting opinion. It's like a utopia of open-mindedness and intellectual debate.
9,1,"Democrats and money, a match made in heaven. It's not like they need to understand economics or anything. Money just magically appears, right?"
10,1,"Memes and teenagers, the perfect combination. I love how they use memes to explain complex political issues. It's like a PhD in memeology. So educational!"
11,1,"Baby tears, the secret ingredient for a refreshing shower. Forget about regular water; it's so last season. Babies crying is the new trend."
12,1,"Institutions deceiving consumers for financial gain? Unheard of! I'm shocked, utterly shocked. Definitely didn't see that coming. /sarcasm"
13,1,"I'm sure it will pass... just like all the other groundbreaking, life-changing legislation that totally reshaped our world. Oh, wait."
14,1,"The Debt Star, the ultimate weapon against financial responsibility. Because who needs a balanced budget when you can have intergalactic debt?"
15,1,"Door knockers, my favorite pastime. Nothing says 'go away' better than answering the door in my underwear. Works like a charm every time."
16,1,"What's a Dennis Miller? Oh, just a mythical creature that roams the comedic wilderness, spreading confusion and obscure references."
17,1,"The fool doesn't realize that the quick and easy path will destroy him in the long run. But hey, who needs foresight when you can have instant gratification?"
18,1,"The EPA is non-essential, obviously. Clean air and water are overrated anyway. Let's just embrace the pollution party!"
19,1,"It's too bad their lifespan is measured in days. I mean, who needs longevity when you can have fleeting moments of brilliance, right?"
20,1,"Must not be much going on for Congress this week. They're probably just taking a well-deserved break from all the... wait, what do they even do?"
21,1,"Skanks, the lot of them. Such a classy and respectful way to refer to political figures. Truly, a masterclass in diplomacy."
22,1,That was today's talking point. Because who needs substantive arguments when you can just repeat the same phrases over and over?
23,1,"If you can't win on substance, win on a technicality: GOP creed. It's like playing a game of politics where the rules are made up and the points don't matter."
24,1,Obama is god!!!!!!!!! Because nothing says rational political discourse like excessive exclamation marks and baseless idolization.
25,1,"'Reid' and 'reasons' share part of a syllable; can't be coincidence. Clearly, there's a deep, mystical connection between names and rational decision-making."
26,1,"Yet more proof that there is a god. Because obviously, divine intervention is the only explanation for everything that happens."
27,1,"It's sad how much power Religion has to poison even great minds. Because clearly, critical thinking goes out the window when religion enters the room."
28,1,"She's a uniter. Most people, regardless of political affiliation, can agree she's horrible. Such a unifying force in our divisive world."
29,1,"Seems like all is forgiven regarding the Republican brinkmanship caused government shutdown. Because, you know, memories are so short in politics."
30,1,I honestly do not know if this article is for real... no one is that stupid... right?? Because questioning the intelligence of others is the pinnacle of intellectual discourse.
31,1,Best idea EVER! Could you imagine if scientific industries and scientists got the same ridiculous tax breaks as your average Kansas church? It's like a utopia of funding!
32,1,I am an American Jew and I call on the people of Israel to get rid of Netanyahu and other right-wingers. Because who needs diplomacy when you can have online declarations? ðŸ‡®ðŸ‡±
33,1,"Republicans are the epitome of fiscal responsibility. I mean, who needs a functioning government when you can have tax cuts for the ultra-rich instead? So logical!"
34,1,"Oh, sure, automation has totally solved all our problems. I mean, who needs jobs when we can have machines ruling the world, right? Genius move, humanity!"
35,1,Breaking news: Republicans are experts in managing money. Who needs fiscal responsibility when you can just rack up trillions in national debt? Genius!
36,1,"Hot take: Automation hasn't replaced manual labor at all. I mean, who needs progress and efficiency when we can cling to outdated work practices and job insecurity?"
37,1,Unpopular opinion: Ted Cruz is a mastermind playing 4D chess while his constituents are playing checkers. It's a mind-boggling strategy of driving people insane with his political theatrics!
38,1,Just a friendly reminder that the Republican government shutdown was a brilliant move. Who needs functioning governance when you can play political games and hold the country hostage?
39,1,"Attention, fellow Redditors! Let's gather 'round and discuss how Democrats are the real financial wizards. Forget about their track record of excessive spending and mounting national debt!"
40,1,"PSA: Automation has definitely eliminated the need for manual labor. That's why we still have millions of people working in factories and warehouses. Progress, what's that?"
41,1,Unpopular opinion: Ted Cruz is a misunderstood genius. It's his ability to endear himself to his constituents with his 'quirky' personality that truly makes him a political mastermind!
42,1,"Breaking news: Republicans have completely abandoned their reckless brinkmanship tactics. Clearly, they've realized the error of their ways and embraced responsible governance. Kudos to them!"
43,1,Hot take: The government shutdown was a masterstroke of Republican strategy. Who needs functioning institutions and services when you can create chaos for political gain?
44,1,Just a friendly reminder that Democrats are the epitome of fiscal responsibility. Forget about their propensity for excessive spending and deficit growth. They're the true financial wizards!
45,1,"Attention, fellow Redditors! Let's discuss how automation has made the 40-hour workweek completely obsolete. Clearly, technology has eliminated all manual labor. We're all just living a life of leisure!"
46,1,PSA: Ted Cruz is undoubtedly the most intelligent person in the room. It's not his fault if his constituents can't keep up with his brilliance. It's a burden being so intellectually superior!
47,1,Unpopular opinion: The Republican government shutdown was a masterclass in effective governance. Who needs functioning institutions when we can have weeks of political theater instead?
48,1,Breaking news: Democrats have solved the mystery of managing money. They've cracked the code of never-ending spending and skyrocketing national debt. A true feat of financial wizardry!
49,1,Hot take: Automation hasn't eliminated manual labor at all. We're all just pretending that innovation and technology have transformed our lives. It's all a big conspiracy!
50,1,Just a friendly reminder that Ted Cruz is playing 5D chess while his constituents are playing Candy Crush. It's hard being a political genius in a sea of mere mortals!
51,1,"Attention, fellow Redditors! Let's gather 'round and discuss how Republicans have learned their lesson from the government shutdown. Clearly, they've embraced responsible governance overnight!"
52,1,PSA: Democrats are the true masters of managing money. Who needs balanced budgets and financial prudence when you can just keep printing money? It's financial bliss!
53,1,Unpopular opinion: The 40-hour workweek is more relevant than ever in this age of automation and efficiency. Let's cling to outdated labor practices and resist progress!
54,1,Breaking news: Ted Cruz is an absolute genius. It's just unfortunate that his constituents can't appreciate his intellectual prowess. It's a political tragedy!
55,1,Hot take: The government shutdown orchestrated by Republicans was a stroke of genius. Who needs functioning institutions when you can have political chaos and public discontent?
56,1,Just a friendly reminder that Democrats are the true financial architects. Forget about their love for excessive spending and disregard for fiscal responsibility. It's all part of their grand plan!
57,1,"Attention, fellow Redditors! Let's gather 'round and discuss how automation has rendered the 40-hour workweek completely irrelevant. We're all just lounging around while robots do everything!"
58,1,"PSA: Ted Cruz is the smartest person in the room, hands down. It's not his fault if his constituents can't comprehend his brilliance. He's playing chess while they're playing tic-tac-toe!"
59,1,Unpopular opinion: The Republican-induced government shutdown was a well-calculated move to demonstrate their unparalleled commitment to chaos and dysfunction. Masterful play!
60,1,Breaking news: Democrats have unlocked the secret to financial wizardry. Who needs balanced budgets when you can just keep spending without consequences? Economic genius!
61,1,Hot take: Automation hasn't eliminated manual labor at all. We're all just pretending that progress and innovation have transformed our society. It's a grand illusion!
62,1,Just a friendly reminder that Ted Cruz is a strategic genius. It's not his fault if his constituents struggle to understand his political maneuvers. The mind of a political prodigy!
63,1,"Attention, fellow Redditors! Let's come together and appreciate the Republican brinkmanship during the government shutdown. It was a masterclass in effective governance and public service!"
64,1,PSA: Democrats have cracked the code of financial success. Who needs fiscal responsibility when you can just keep printing money and driving up the national debt? It's economic brilliance!
65,1,Unpopular opinion: The 40-hour workweek is a relic of the past. Let's ignore the advancements in technology and cling to outdated labor practices because progress is overrated!
66,1,Breaking news: Ted Cruz is the epitome of intelligence. It's not his fault if his constituents can't comprehend his brilliance. He's a visionary in a sea of mediocrity!
67,1,Hot take: The Republican government shutdown was a bold move that demonstrated their unwavering commitment to chaos and gridlock. True masters of governance!
68,1,Just a friendly reminder that Democrats are the true financial geniuses. Forget about their affinity for excessive spending and disregard for fiscal responsibility. They're the Einstein of economics!
69,1,"Attention, fellow Redditors! Let's gather 'round and appreciate how automation has miraculously spared us from any manual labor. We're all just lounging while robots do everything. Life is a breeze!"
70,1,"PSA: Ted Cruz is a political savant, navigating the treacherous waters of politics with unmatched finesse. It's not his fault if his constituents can't keep up with his brilliance!"
71,1,Unpopular opinion: The Republican-induced government shutdown was a strategic masterpiece that showcased their commitment to public service and effective governance. Kudos to them!
72,1,Breaking news: Democrats have unlocked the secret to managing money flawlessly. It's a magical formula of endless spending and mounting national debt. Financial wizardry at its finest!
73,1,Hot take: Automation hasn't eliminated the need for manual labor at all. We're all just pretending that technological advancements have transformed our lives. It's all smoke and mirrors!
74,1,Just a friendly reminder that Ted Cruz is the political genius of our time. It's not his fault if his constituents struggle to comprehend his brilliance. He's the Mozart of politics!
75,1,"Attention, fellow Redditors! Let's gather 'round and appreciate the Republican brinkmanship during the government shutdown. It was a masterclass in effective governance and public service!"
76,1,Unpopular opinion: The 40-hour workweek is an outdated concept. Let's ignore the advancements in technology and cling to archaic labor practices because progress is overrated!
77,1,Breaking news: Ted Cruz is an unparalleled intellectual force. It's not his fault if his constituents struggle to comprehend his brilliance. He's playing 4D chess while they're playing tic-tac-toe!
78,1,Hot take: The Republican government shutdown was a calculated move that showcased their unwavering dedication to chaos and gridlock. True masters of governance!
79,1,Just a friendly reminder that Democrats are the true financial geniuses. Forget about their propensity for excessive spending and disregard for fiscal responsibility. They're the Einstein of economics!
80,1,"PSA: Ted Cruz is a political prodigy, navigating the complex world of politics with unmatched finesse. It's not his fault if his constituents struggle to comprehend his brilliance!"
81,1,Breaking news: Democrats have discovered the secret to financial prosperity. It's a mythical combination of endless spending and skyrocketing national debt. They're true financial wizards!
82,1,"Hot take: The overwhelming amount of proof that there is a god is truly mind-blowing. I mean, who needs logic and evidence when we have blind faith and personal beliefs?"
83,1,"Unpopular opinion: Religion has an incredible power to poison even the greatest minds. It's like a toxic elixir that transforms rationality into blind obedience. Pass the Kool-Aid, please!"
84,1,"Just a friendly reminder that she's a uniter, bringing people together in agreement that she's absolutely horrible. It's like a rare moment of bipartisan harmony!"
85,1,"Attention, fellow Redditors! Let's gather 'round and marvel at the undeniable connection between syllables. It's clearly the work of a divine linguistic conspiracy!"
86,1,"PSA: The proof of the existence of god is truly overwhelming. Forget about scientific inquiry and empirical evidence. We have anecdotes and faith, the ultimate power duo!"
87,1,Unpopular opinion: Religion has the superpower of transforming great minds into mindless followers. Forget about critical thinking and intellectual growth. Blind faith is all we need!
88,1,Breaking news: She's the uniter we never asked for but have unanimously agreed on - she's just plain horrible. It's a rare moment of unity in this polarized world!
89,1,"Just a friendly reminder that the proof of god's existence is irrefutable. We have millions of believers and... well, that's pretty much it. Case closed!"
90,1,"Attention, fellow Redditors! Let's come together and appreciate the immense power religion holds in poisoning even the greatest minds. It's like a toxic potion of irrationality and dogma!"
91,1,PSA: She's the uniter we've all been waiting for - we can all agree she's simply terrible. It's a rare moment of bipartisan consensus in the chaotic world of politics!
92,1,"Breaking news: The overwhelming proof of god's existence is truly staggering. We have the personal anecdotes, the ancient texts, and... well, that's pretty much it. Can't argue with that!"
93,1,"Hot take: Religion wields an unparalleled power to corrupt great minds, like a poison slowly eroding critical thinking and reason. It's like an intellectual pandemic!"
94,1,"Just a friendly reminder that she's the uniter we never asked for, but we can all unite in our agreement that she's absolutely terrible. It's a rare moment of harmony in the divisive world of politics!"
95,1,"Attention, fellow Redditors! Let's come together and ponder the cosmic connection between syllables. It's like the universe whispering its secrets in our ears. How profound!"
96,1,PSA: The undeniable evidence of god's existence lies in the unwavering faith of believers. Forget about scientific inquiry and empirical evidence. We have testimonials and fervent prayers!
97,1,Unpopular opinion: Religion possesses an uncanny ability to corrupt even the most brilliant minds. It's like a toxin that infiltrates reason and replaces it with blind devotion. Cheers to indoctrination!
98,1,"Hot take: The overwhelming proof of god's existence lies in the millions of believers and... well, that's pretty much it. Who needs empirical evidence when we have masses of devout followers?"
99,1,Just a friendly reminder that religion holds an astonishing power to poison the minds of great thinkers. It's like a toxic cocktail of blind faith and indoctrination. Drink up!
100,1,"Attention, fellow Redditors! Let's gather 'round and appreciate the divine connection between syllables. It's like a secret code that only the chosen few can decipher. Truly awe-inspiring!"
101,1,"PSA: She's the uniter we never asked for, but we can all find common ground in our agreement that she's absolutely dreadful. It's a rare moment of consensus in a world of disagreement!"
102,1,Unpopular opinion: Religion is an all-powerful force that has the ability to corrupt even the greatest minds. It's like a toxic elixir that blinds us to reason and critical thinking. Cheers to irrationality!
103,1,"Hot take: The proof of god's existence is truly overwhelming. We have ancient texts, personal experiences, and the unwavering faith of millions. It's an airtight case, really!"
104,1,Just a friendly reminder that religion possesses an unparalleled ability to corrupt even the brightest minds. It's like a poison that replaces reason with blind devotion. Cheers to indoctrination!
105,1,"Attention, fellow Redditors! Let's gather 'round and appreciate the cosmic joke embedded in the shared syllables between 'Reid' and 'reasons'. It's as if the universe itself has a sense of humor!"
106,1,"PSA: She's the uniter we never asked for, but we can all find common ground in our shared disdain for her. It's like a rare moment of agreement in the world of politics!"
107,1,Unpopular opinion: Religion wields an immense power to manipulate and poison even the greatest minds. It's a dangerous elixir that replaces rationality with blind belief. Bottoms up!
108,1,"Hot take: The proof of god's existence lies in the unwavering faith of believers and... well, that's pretty much it. Who needs scientific evidence when we have personal anecdotes?"
109,1,Just a friendly reminder that religion possesses an uncanny ability to infiltrate even the most brilliant minds. It's like a toxin that erodes reason and replaces it with blind devotion. Cheers to indoctrination!
110,1,"Attention, fellow Redditors! Let's gather 'round and marvel at the cosmic connection between syllables. It's like the universe is playing word games with us, leaving us in awe of its linguistic tricks!"
111,1,"PSA: She's the uniter we never expected, but we can all find common ground in our agreement that she's an absolute disaster. It's a rare moment of harmony in the chaotic world of politics!"
112,1,Unpopular opinion: Religion possesses an incredible power to corrupt even the brightest minds. It's like a poisonous elixir that replaces reason with blind faith. Cheers to irrationality!
113,1,Breaking news: The shared syllables between 'Reid' and 'reasons' are surely a divine message. It's as if the universe is urging us to contemplate and ponder the underlying motives!
114,1,"Hot take: The overwhelming evidence of god's existence lies in the unwavering faith of believers and... well, that's pretty much it. Who needs empirical proof when we have devout followers?"
115,1,Just a friendly reminder that religion is a potent force that can infiltrate and taint even the greatest minds. It's like a toxic elixir that replaces reason with blind devotion. Cheers to indoctrination!
116,1,"Attention, fellow Redditors! Let's gather 'round and marvel at the profound connection between syllables. It's as if the universe is speaking to us through linguistic patterns. Mind-boggling!"
117,1,"PSA: She's the uniter we never asked for, but we can all find common ground in our shared belief that she's absolutely terrible. It's a rare moment of agreement in the contentious world of politics!"
118,1,Unpopular opinion: Religion possesses an unparalleled ability to poison the minds of even the most brilliant individuals. It's like a corrosive toxin that erodes reason and replaces it with blind faith. Cheers to delusion!
119,1,"Hot take: The proof of god's existence lies in the unwavering faith of believers and... well, that's pretty much it. Who needs scientific evidence when we have personal anecdotes and ancient texts?"
120,1,Just a friendly reminder that religion possesses an extraordinary power to corrupt even the most brilliant minds. It's like a poison that replaces reason with blind devotion. Cheers to intellectual decay!
121,1,"Attention, fellow Redditors! Let's come together and appreciate the cosmic joke embedded in the shared syllables between"
122,1,Breaking news: All is forgiven regarding the Republican-induced government shutdown. Who needs accountability and consequences when we can just sweep it under the rug?
123,1,"Hot take: This article must be a work of fiction, right? No one can possibly be that stupid... or can they? The world never ceases to amaze!"
124,1,Unpopular opinion: The best idea EVER is granting scientific industries and scientists the same absurd tax breaks as your average Kansas church. Let's make irrationality great again!
125,1,"Just a friendly reminder that forgiveness is a virtue, especially when it comes to Republican brinkmanship causing government shutdowns. Let's move on and pretend it never happened!"
126,1,"Attention, fellow Redditors! Let's gather 'round and question the authenticity of this article. Surely no one can be that clueless... or can they? The world is full of surprises!"
127,1,"PSA: The best idea EVER is providing scientific industries and scientists with the same outrageous tax breaks as your average Kansas church. Because who needs logic and fairness, right?"
128,1,Unpopular opinion: All is forgiven regarding the Republican-caused government shutdown. Let's just pretend it was a harmless game of political brinkmanship. Nothing to see here!
129,1,"Breaking news: I refuse to believe this article is real. No one can be that stupid... right? But then again, reality has a way of defying our expectations!"
130,1,"Hot take: The best idea EVER is showering scientific industries and scientists with ridiculous tax breaks, just like your average Kansas church. Because who needs evidence-based funding and financial fairness?"
131,1,"Just a friendly reminder that forgiveness is key, especially when it comes to Republican brinkmanship causing government shutdowns. Let's bury the hatchet and pretend it never happened!"
132,1,"Attention, fellow Redditors! Let's question the sanity of this article. Surely, no one can be that absurdly ignorant... or can they? The world is full of astonishing surprises!"
133,1,"PSA: The best idea EVER is granting scientific industries and scientists the same ludicrous tax breaks as your average Kansas church. Because who needs logic, reason, and financial responsibility?"
134,1,Unpopular opinion: All is forgiven regarding the Republican-induced government shutdown. It was just a playful exercise in political brinkmanship. Let's move on and forget it ever happened!
135,1,"Breaking news: Is this article even real? It's hard to fathom someone being that astoundingly stupid... but then again, reality always has a way of surprising us!"
136,1,Hot take: The best idea EVER is giving scientific industries and scientists the same ridiculous tax breaks as your average Kansas church. Because who needs funding based on merit and societal benefit?
137,1,"Just a friendly reminder that forgiveness is a virtue, especially when it comes to the Republican-caused government shutdown. Let's give them a pass and move on, shall we?"
138,1,"Attention, fellow Redditors! Let's question the authenticity of this article. Surely, no one can be that mind-numbingly dumb... can they? But hey, reality always finds a way to prove us wrong!"
139,1,PSA: The best idea EVER is to shower scientific industries and scientists with the same preposterous tax breaks as your average Kansas church. Because fairness and rationality are overrated!
140,1,"Unpopular opinion: All is forgiven regarding the Republican brinkmanship that caused the government shutdown. It was just a minor inconvenience, right? Let's brush it off and pretend it never happened!"
141,1,Breaking news: Is this article for real? No one could possibly be that astonishingly stupid... or could they? Reality has its own way of surpassing even the wildest expectations!
142,1,"Hot take: The best idea EVER is to provide scientific industries and scientists with the same absurd tax breaks as your average Kansas church. Because who needs a logical and fair tax system, right?"
143,1,"Just a friendly reminder that forgiveness is a virtue, especially when it comes to the Republican-induced government shutdown. Let's give them a free pass and move on!"
144,1,"Attention, fellow Redditors! Let's question the authenticity of this article. Surely, no one can be dumb enough to believe such nonsense... right? But hey, the world always surprises us!"
145,1,"PSA: The best idea EVER is to extend ridiculous tax breaks to scientific industries and researchers, just like your average Kansas church. Because who needs evidence-based funding and financial equity?"
146,1,Unpopular opinion: All is forgiven regarding the Republican-caused government shutdown. It was just a minor inconvenience in the grand scheme of things. Let's sweep it under the rug!
147,1,Breaking news: This article can't be serious. No one can be that astonishingly dim-witted... or can they? Reality has a way of defying our expectations!
148,1,Hot take: The best idea EVER is to grant scientific industries and researchers the same outrageous tax breaks as your average Kansas church. Because who needs logical funding and resource allocation?
149,1,"Just a friendly reminder that forgiveness is a virtue, especially when it comes to the Republican brinkmanship that caused the government shutdown. Let's forgive and forget, shall we?"
150,1,"Attention, fellow Redditors! Let's question the legitimacy of this article. Surely, no one can be foolish enough to hold such beliefs... or can they? The world is full of surprises!"
151,1,PSA: The best idea EVER is to shower scientific industries and researchers with the same ridiculous tax breaks as your average Kansas church. Because fairness and equitable funding are overrated!
152,1,Unpopular opinion: All is forgiven regarding the Republican-induced government shutdown. It was just a minor blip on the radar. Let's move on and pretend it never happened!
153,1,"Breaking news: Can this article really be serious? No one can possibly be that unbelievably idiotic... right? But then again, reality often surpasses our wildest imaginations!"
154,1,Hot take: The best idea EVER is to provide scientific industries and researchers with the same absurd tax breaks as your average Kansas church. Who needs logical funding and investment in scientific progress?
155,1,"Just a friendly reminder that forgiveness is a virtue, especially when it comes to the Republican-induced government shutdown. Let's bury the hatchet and pretend it was all just a bad dream!"
156,1,"Attention, fellow Redditors! Let's question the credibility of this article. Surely, no one can be that mind-bogglingly stupid... or can they? The world has a way of surprising us!"
157,1,PSA: The best idea EVER is to grant scientific industries and researchers the same outrageous tax breaks as your average Kansas church. Because who needs evidence-based funding and logical resource allocation?
158,1,Unpopular opinion: All is forgiven regarding the Republican-caused government shutdown. It was just a minor inconvenience in the grand scheme of things. Let's move on and pretend it never happened!
159,1,Breaking news: Can we really take this article seriously? No one can be that astonishingly dense... or can they? Reality has a way of surpassing even the lowest expectations!
160,1,"Hot take: The best idea EVER is to shower scientific industries and researchers with the same ridiculous tax breaks as your average Kansas church. Who needs strategic investment in knowledge and innovation, right?"
161,1,"Just a friendly reminder that forgiveness is a virtue, especially when it comes to the Republican brinkmanship that caused the government shutdown. Let's give them a pass and move on!"
162,1,"Attention, fellow Redditors! Let's question the authenticity of this article. Surely, no one can be that astoundingly dim-witted... or can they? The world is full of astonishing surprises!"
163,1,PSA: The best idea EVER is to provide scientific industries and researchers with the same absurd tax breaks as your average Kansas church. Because who needs logical funding and equitable resource allocation?
164,1,"Unpopular opinion: All is forgiven regarding the Republican-induced government shutdown. It was just a minor blip on the political radar. Let's forgive and forget, shall we?"
165,1,"Breaking news: Is this article even real? No one can be that astoundingly stupid... right? But then again, reality always has a way of defying our expectations!"
166,1,Hot take: The best idea EVER is to grant scientific industries and researchers the same ludicrous tax breaks as your average Kansas church. Because who needs a logical and equitable tax system?
167,1,"Attention, fellow Redditors! Let's question the authenticity of this article. Surely, no one can be that mind-numbingly dim-witted... can they? The world is full of astonishing surprises!"
168,1,"PSA: The best idea EVER is to provide scientific industries and researchers with the same ridiculous tax breaks as your average Kansas church. Because who needs logic, reason, and financial responsibility?"
169,1,Breaking news: Is this article for real? No one could possibly be that unbelievably stupid... or could they? Reality has a way of surprising us all!
170,1,"Hot take: Forget credible sources and research, Wikipedia is where real knowledge thrives. Who needs reliable information when we can rely on crowdsourced articles and anonymous editors?"
171,1,Unpopular opinion: Wikipedia is the ultimate source of truth and knowledge. Who needs peer-reviewed journals and expert analysis when we can rely on the wisdom of anonymous contributors?
172,1,"Unpopular opinion: Forget about academic books and scholarly articles, Wikipedia is where the real knowledge resides. Who needs accurate information when we can trust the wisdom of unpaid contributors?"
173,1,Unpopular opinion: Wikipedia is the pinnacle of human knowledge. Who needs rigorous fact-checking and peer-reviewed sources when we can rely on the collective wisdom of anonymous editors?
174,1,"Attention, fellow Redditors! Let's forget about the chaos of the world and immerse ourselves in the captivating world of Unpopular opinion: Wikipedia is the ultimate source of truth. Who needs experts and verified information when we have the vast knowledge of anonymous contributors?"
175,1,Unpopular opinion: Wikipedia is the ultimate authority on knowledge. Who needs academic rigor and expert analysis when we can rely on the contributions of anonymous editors?
176,1,Breaking news: Dancing with the Stars is the antidote to all our worries. Let's forget about real issues and immerse ourselves in the world of celebrity dance competitions. Ignorance is bliss!
177,1,Hot take: Supporting the troops means dedicating our undivided attention to Dancing with the Stars. Because nothing says 'support' like turning a blind eye to real-world problems!
178,1,Unpopular opinion: Wikipedia holds the key to all knowledge. Who needs scholarly research and reliable sources when we have the cumulative efforts of anonymous editors?
179,1,"PSA: An American Jew has spoken, calling on the people of Israel to disregard their own political choices. Because clearly, one person knows better than an entire nation!"
180,1,"Breaking news: The EPA is non-essential. Who needs clean air and water when we can have pollution and toxic waste? It's all about priorities, folks!"
181,1,"Hot take: It's truly unfortunate that the lifespan of important issues is measured in days. I mean, who needs long-lasting solutions when we can just jump from one crisis to another?"
182,1,Unpopular opinion: Congress must be having the most uneventful week ever. It's not like there are any pressing matters to address or anything. Must be nice to have nothing on the agenda!
183,1,Just a friendly reminder that calling people 'skanks' is the pinnacle of respectful and intelligent discourse. Because who needs productive conversations when you can resort to name-calling and insults?
184,1,"Attention, fellow Redditors! Let's gather 'round and discuss how the EPA is just a non-essential burden on society. Forget about environmental protection, we should embrace pollution with open arms!"
185,1,PSA: It's truly a shame that important issues have such short lifespans. Who needs long-term solutions when we can just live in a perpetual state of chaos and crisis management?
186,1,"Unpopular opinion: Congress must be having the most chill week ever. I mean, what could possibly be more important than their well-deserved break? Priorities, people!"
187,1,"Breaking news: Skanks, skanks, and more skanks. It's the scientific classification for certain individuals that we disagree with. Who needs respectful dialogue when we can resort to derogatory terms?"
188,1,"Hot take: The EPA is so non-essential. Who needs clean air, safe drinking water, and protected natural resources? It's all about embracing pollution and embracing the toxic side of life!"
189,1,"Just a friendly reminder that the lifespan of important issues is shorter than a mayfly's life. Apparently, we have nothing better to do than jump from one crisis to another without ever finding lasting solutions!"
190,1,"Attention, fellow Redditors! Let's gather 'round and marvel at the utter lack of activity in Congress this week. It's almost impressive how little they're accomplishing while important matters remain unaddressed!"
191,1,"PSA: Skanks, skanks, everywhere! Let's throw around derogatory terms to demean and dismiss people we don't like. Because who needs civil discourse when we can resort to name-calling?"
192,1,"Unpopular opinion: The EPA is nothing but a burden on society. Who needs clean air, protected natural habitats, and a stable environment when we can revel in pollution and disregard for nature?"
193,1,Breaking news: The lifespan of important issues is shorter than a TikTok video. Who needs long-term solutions when we can just hop from one crisis to another? It's like a never-ending carousel of problems!
194,1,Hot take: Congress must be having the most uneventful week in history. It's not like they have any responsibilities or pressing matters to attend to. Must be nice to have a 'do-nothing' vacation!
195,1,"Just a friendly reminder that calling people 'skanks' is the epitome of mature and intellectual discourse. Because clearly, resorting to insults is the best way to express our opinions!"
196,1,"Attention, fellow Redditors! Let's gather 'round and discuss how the EPA is completely non-essential. Who needs to protect the environment when we can turn a blind eye to pollution and ecological damage?"
197,1,PSA: It's a shame that important issues have such short lifespans. Who needs lasting solutions when we can just hop from one problem to the next like a game of Whac-A-Mole?
198,1,Unpopular opinion: Congress must be having the most relaxing week ever. It's not like they have any responsibility or obligation to address pressing matters. Cheers to a vacation well-deserved!
199,1,"Breaking news: Skanks, skanks, skanks! It's the scientific term to describe anyone we disagree with. Who needs respectful dialogue when we can stoop to name-calling and insults?"
200,1,"Hot take: The EPA is clearly non-essential. Who needs clean air, water, and protected ecosystems when we can bask in pollution and environmental degradation? It's all about embracing the toxic side of life!"
201,1,Just a friendly reminder that the lifespan of important issues is shorter than a Snapchat story. Who needs long-term planning when we can live in a constant state of crisis management and quick fixes?
202,1,"Attention, fellow Redditors! Let's gather 'round and marvel at the staggering lack of productivity in Congress this week. It's truly awe-inspiring how little they're accomplishing while important matters remain unaddressed!"
203,1,"PSA: Skanks, the lot of them! Let's embrace derogatory language and personal attacks to convey our opinions. Because who needs civility and respect when we can resort to name-calling?"
204,1,Unpopular opinion: The EPA is completely non-essential. Who needs environmental protection and sustainable practices when we can ignore ecological concerns and pave the way for pollution?
205,1,Breaking news: The lifespan of important issues is as short as a Vine video. Who needs long-term solutions when we can just hop from one crisis to another? It's like a never-ending rollercoaster ride!
206,1,"Hot take: Congress must be having the most leisurely week ever. It's not like they're responsible for addressing pressing matters or anything. Enjoy your time off, dear representatives!"
207,1,Just a friendly reminder that calling people 'skanks' is the epitome of respectful and intelligent discourse. Because who needs productive conversations when we can resort to name-calling and insults?
208,1,"Attention, fellow Redditors! Let's gather 'round and discuss the sheer non-essential nature of the EPA. Who needs clean air, protected ecosystems, and a stable environment? Pollution for the win!"
209,1,PSA: It's truly disheartening that important issues have such short lifespans. Who needs long-term planning when we can just live in a constant state of crisis management and reactionary measures?
210,1,"Unpopular opinion: Congress must be having the most laid-back week ever. It's not like they have any pressing matters to attend to or responsibilities to fulfill. Enjoy your well-deserved break, dear lawmakers!"
211,1,"Breaking news: Skanks, skanks, skanks! Let's resort to derogatory terms to demean and dismiss anyone who doesn't align with our views. Who needs respectful dialogue when we can stoop to personal attacks?"
212,1,"Hot take: The EPA is clearly non-essential. Who needs environmental regulations, clean water, and protected natural resources when we can prioritize profits over the health of our planet?"
213,1,Just a friendly reminder that the lifespan of important issues is shorter than a TikTok video. Who needs long-term planning when we can live in a constant state of crisis management and reactionary measures?
214,1,"Attention, fellow Redditors! Let's gather 'round and marvel at the astonishing lack of productivity in Congress this week. It's truly impressive how little they're accomplishing while significant matters remain unaddressed!"
215,1,"PSA: Skanks, the lot of them! Let's throw around derogatory terms to demean and dismiss people we don't like. Because who needs civil discourse when we can resort to name-calling?"
216,1,"Unpopular opinion: The EPA is completely non-essential. Who needs a healthy environment, clean air, and protected ecosystems? Let's embrace pollution and disregard the well-being of our planet!"
217,1,Breaking news: The lifespan of important issues is as short as a Vine video. Who needs long-term planning when we can live in a constant state of crisis management and reactionary measures?
218,1,"Hot take: Congress must be having the most laid-back week ever. It's not like they have any pressing matters to attend to or responsibilities to fulfill. Enjoy your well-deserved break, dear lawmakers!"
219,1,"Unpopular opinion: Congress must be having the most relaxed week ever. It's not like they have any pressing matters to attend to or responsibilities to fulfill. Enjoy your well-deserved vacation, dear lawmakers!"
220,1,Mythbusters taught us all we need: Half-assed science is the key to enlightenment.
221,1,"Yo dawg, Airman needs help? Just sprinkle some fairy dust and call it 'aerial support."
222,1,No house? Why not just print one using your 3D printer? Problem solved.
223,1,"Time to take a drink? Well, don't forget to thank gravity for that thrilling experience."
224,1,"Every time a liberal whines about Obamacare, an angel gets its wings, and I perfect my eye roll."
225,1,"Turtle guy's logic: Deny Obama a second term, negotiate later. I'm a Chinese jet pilot, believe me."
226,1,Unicorn anger issues? Maybe they stole your glitter.
227,1,"Wow, thanks for all the context, OP. My life's purpose is now complete."
228,1,Let's eat popcorn and watch the Teahadists tank the Republican party. 'Remember the Teahadist days?'
229,1,American Royalty: Because nothing says equality like crown jewels and a scepter.
230,1,Media focusing on ignorant white-trash supporters? It's a spelling bee gone wrong.
231,1,Did he cut a large circular mouth hole? Or is he just a human donut?
232,1,Founder says his thing is the best? Mind blown. Never saw that coming.
233,1,"But hey, we're not here to generalize. Except when we are."
234,1,"Sure it will, I believe you. Cue the sarcasm."
235,1,"Freedom of religion? Nah, free healthcare is the real deity in this temple of bureaucracy."
236,1,"Hospital visit inevitable? You should pay for it, because life is just a series of medical bills."
237,1,"Um, not exactly. Because straightforward answers are so last season."
238,1,"Society focused on equality shunning different ideas? Nah, we're all just a bunch of identical thought robots."
239,1,"Great idea on the talkathon Cruz. Made Republicans look sane, like a unicorn in a herd of donkeys."
240,1,"Polar bears died, water got colder. It's the circle of life... or climate change denial."
241,1,Obama made me independent. I'm embarrassed to vote Democrat again... for several election cycles. Aaaand cue the downvotes.
242,1,'Stolen' bitcoins? As if TradeFortress was running a charity for ethical hackers.
243,1,"So this guy is a dick, right? Maybe, or just a misunderstood unicorn."
244,1,"Bailout given? More than my weekly coffee budget, I'm sure."
